release,asset,downloads,recorded
v0.1.29,WATT-Portable-0.1.29.zip,1,2026-10-01
v0.1.29,WATT-Setup-0.1.29.exe,0,2026-10-01
v0.1.30,WATT-Portable-0.1.30.zip,2,2026-10-01
v0.1.30,WATT-Setup-0.1.30.exe,0,2026-10-01
v0.1.31,WATT-Portable-0.1.31.zip,1,2026-10-01
v0.1.31,WATT-Setup-0.1.31.exe,0,2026-10-01
v0.1.32,WATT-Portable-0.1.32.zip,0,2026-10-01
v0.1.32,WATT-Setup-0.1.32.exe,0,2026-10-01
v0.1.33,WATT-Portable-0.1.33.zip,1,2026-10-01
v0.1.33,WATT-Setup-0.1.33.exe,0,2026-10-01
v0.1.34,WATT-Portable-0.1.34.zip,0,2026-10-01
v0.1.34,WATT-Setup-0.1.34.exe,0,2026-10-01
v0.1.35,WATT-Portable-0.1.35.zip,0,2026-10-01
v0.1.35,WATT-Setup-0.1.35.exe,0,2026-10-01
v0.1.36,WATT-Portable-0.1.36.zip,0,2026-10-01
v0.1.36,WATT-Setup-0.1.36.exe,0,2026-10-01
v0.1.37,WATT-Portable-0.1.37.zip,1,2026-10-01
v0.1.37,WATT-Setup-0.1.37.exe,0,2026-10-01
v0.1.38,WATT-Portable-0.1.38.zip,1,2026-10-01
v0.1.38,WATT-Setup-0.1.38.exe,0,2026-10-01
v0.1.39,WATT-Portable-0.1.39.zip,1,2026-10-01
v0.1.39,WATT-Setup-0.1.39.exe,0,2026-10-01
v0.1.40,WATT-Portable-0.1.40.zip,0,2026-10-01
v0.1.40,WATT-Setup-0.1.40.exe,0,2026-10-01
v0.1.41,WATT-Portable-0.1.41.zip,0,2026-10-01
v0.1.41,WATT-Setup-0.1.41.exe,0,2026-10-01
v0.1.42,WATT-Portable-0.1.42.zip,0,2026-10-01
v0.1.42,WATT-Setup-0.1.42.exe,0,2026-10-01
v0.1.43,WATT-Portable-0.1.43.zip,1,2026-10-01
v0.1.43,WATT-Setup-0.1.43.exe,1,2026-10-01
v0.1.44,WATT-Portable-0.1.44.zip,2,2026-10-01
v0.1.44,WATT-Setup-0.1.44.exe,2,2026-10-01
v0.1.45,WATT-Portable-0.1.45.zip,1,2026-10-01
v0.1.45,WATT-Setup-0.1.45.exe,1,2026-10-01
v0.1.46,WATT-Portable-0.1.46.zip,2,2026-10-01
v0.1.46,WATT-Setup-0.1.46.exe,0,2026-10-01
v0.1.47,WATT-Portable-0.1.47.zip,1,2026-10-01
v0.1.47,WATT-Setup-0.1.47.exe,0,2026-10-01
v0.1.48,WATT-Portable-0.1.48.zip,1,2026-10-01
v0.1.48,WATT-Setup-0.1.48.exe,0,2026-10-01
v0.1.49,WATT-Portable-0.1.49.zip,0,2026-10-01
v0.1.49,WATT-Setup-0.1.49.exe,0,2026-10-01
v0.1.50,WATT-Portable-0.1.50.zip,0,2026-10-01
v0.1.50,WATT-Setup-0.1.50.exe,0,2026-10-01
v0.1.51,WATT-Portable-0.1.51.zip,2,2026-10-01
v0.1.51,WATT-Setup-0.1.51.exe,0,2026-10-01
v0.1.52,WATT-Portable-0.1.52.zip,2,2026-10-01
v0.1.52,WATT-Setup-0.1.52.exe,0,2026-10-01
v0.1.53,WATT-Portable-0.1.53.zip,2,2026-10-01
v0.1.53,WATT-Setup-0.1.53.exe,0,2026-10-01
v0.1.54,WATT-Portable-0.1.54.zip,0,2026-10-01
v0.1.54,WATT-Setup-0.1.54.exe,0,2026-10-01
v0.1.55,WATT-Portable-0.1.55.zip,0,2026-10-01
v0.1.55,WATT-Setup-0.1.55.exe,0,2026-10-01
v0.1.56,WATT-Portable-0.1.56.zip,2,2026-10-01
v0.1.56,WATT-Setup-0.1.56.exe,0,2026-10-01
v0.1.57,WATT-Portable-0.1.57.zip,0,2026-10-01
v0.1.57,WATT-Setup-0.1.57.exe,0,2026-10-01
v0.1.58,WATT-Portable-0.1.58.zip,2,2026-10-02
v0.1.58,WATT-Setup-0.1.58.exe,0,2026-10-02
v0.1.59,WATT-Portable-0.1.59.zip,1,2026-10-02
v0.1.59,WATT-Setup-0.1.59.exe,0,2026-10-02
v0.1.60,WATT-Portable-0.1.60.zip,0,2026-10-02
v0.1.60,WATT-Setup-0.1.60.exe,0,2026-10-02
v0.1.61,WATT-Portable-0.1.61.zip,0,2026-10-02
v0.1.61,WATT-Setup-0.1.61.exe,0,2026-10-02
v0.1.62,WATT-Portable-0.1.62.zip,2,2026-10-02
v0.1.62,WATT-Setup-0.1.62.exe,0,2026-10-02
v0.1.63,WATT-Portable-0.1.63.zip,0,2026-10-02
v0.1.63,WATT-Setup-0.1.63.exe,0,2026-10-02
v0.1.64,WATT-Portable-0.1.64.zip,1,2026-10-02
v0.1.64,WATT-Setup-0.1.64.exe,0,2026-10-02
v0.1.65,WATT-Portable-0.1.65.zip,1,2026-10-02
v0.1.65,WATT-Setup-0.1.65.exe,0,2026-10-02
v0.1.66,WATT-Portable-0.1.66.zip,3,2026-10-02
v0.1.66,WATT-Setup-0.1.66.exe,1,2026-10-02
v0.1.67,WATT-Portable-0.1.67.zip,0,2026-10-02
v0.1.67,WATT-Setup-0.1.67.exe,0,2026-10-02
v0.1.68,WATT-Portable-0.1.68.zip,0,2026-10-02
v0.1.68,WATT-Setup-0.1.68.exe,0,2026-10-02
v0.1.69,WATT-Portable-0.1.69.zip,0,2026-10-02
v0.1.69,WATT-Setup-0.1.69.exe,0,2026-10-02
v0.1.70,WATT-Portable-0.1.70.zip,0,2026-10-02
v0.1.70,WATT-Setup-0.1.70.exe,0,2026-10-02
